<?xml version="1.0" encoding="UTF-8"?>
<metadata xml:lang="en"><Esri><CreaDate>20180223</CreaDate><CreaTime>12271200</CreaTime><ArcGISFormat>1.0</ArcGISFormat><SyncOnce>TRUE</SyncOnce><DataProperties><lineage><Process ToolSource="c:\users\asa7362\appdata\local\programs\arcgis\pro\Resources\ArcToolbox\toolboxes\Data Management Tools.tbx\Rename" Date="20180223" Time="122712">Rename "C:\Users\asa7362\Desktop\dev\data\download (2)\layers\POINT.shp" "C:\Users\asa7362\Desktop\dev\data\download (2)\layers\example_shp.shp" ShapeFile</Process></lineage></DataProperties></Esri></metadata>
