<?xml version="1.0" encoding="UTF-8"?>
<metadata xml:lang="en"><Esri><CreaDate>20180223</CreaDate><CreaTime>14372400</CreaTime><ArcGISFormat>1.0</ArcGISFormat><SyncOnce>TRUE</SyncOnce><DataProperties><lineage><Process ToolSource="c:\users\asa7362\appdata\local\programs\arcgis\pro\Resources\ArcToolbox\toolboxes\Data Management Tools.tbx\Rename" Date="20180223" Time="143724">Rename C:\Users\asa7362\Desktop\dev\data\POINT.shp C:\Users\asa7362\Desktop\dev\data\example_shp.shp ShapeFile</Process></lineage></DataProperties></Esri></metadata>
